game,manufacturer,display_name,class,pi,country,availability,source
fh6,Abarth,1968 Abarth 595 esseesse,Cult Cars,100 D,Italy,"Autoshow, Wheelspin",forza.net/fh6cars
fh6,Abarth,1980 Abarth Fiat 131,Classic Rally,399 D,Italy,"Autoshow, Wheelspin",forza.net/fh6cars
fh6,Abarth,2016 Abarth 695 Biposto,Hot Hatch,540 B,Italy,Seasonal,forza.net/fh6cars
fh6,Acura,2001 Acura Integra Type R,Retro Hot Hatch,471 C,USA,"Autoshow, Wheelspin",forza.net/fh6cars
fh6,Acura,2002 Acura RSX Type S,Retro Hot Hatch,462 C,USA,"Autoshow, Wheelspin",forza.net/fh6cars
fh6,Acura,2022 Acura NSX Type S,Modern Supercars,734 S1,USA,Seasonal,forza.net/fh6cars
fh6,Acura,2023 Acura Integra A-Spec,Hot Hatch,484 C,USA,"Autoshow, Wheelspin",forza.net/fh6cars
fh6,Alfa Romeo,1965 Alfa Romeo Giulia Sprint GTA Stradale,Rare Classics,379 D,Italy,"Autoshow, Wheelspin",forza.net/fh6cars
fh6,Alfa Romeo,1965 Alfa Romeo Giulia TZ2,Classic Racers,532 B,Italy,"Collection Journal, Seasonal",forza.net/fh6cars
fh6,Alfa Romeo,1968 Alfa Romeo 33 Stradale,Classic Racers,593 B,Italy,"Autoshow, Wheelspin",forza.net/fh6cars
fh6,Alfa Romeo,1990 Alfa Romeo SE 048SP,Retro Racers,978 R,Italy,Autoshow DLC,forza.net/fh6cars
fh6,Alfa Romeo,1992 Alfa Romeo 155 Q4,Retro Super Saloons,439 C,Italy,Autoshow,forza.net/fh6cars
fh6,Alfa Romeo,2007 Alfa Romeo 8C Competizione,GT Cars,635 A,Italy,"Autoshow, Wheelspin",forza.net/fh6cars
fh6,Alfa Romeo,2014 Alfa Romeo 4C,Modern Sports Cars,644 A,Italy,Autoshow,forza.net/fh6cars
fh6,Alfa Romeo,2017 Alfa Romeo Giulia Quadrifoglio,Modern Super Saloons,667 A,Italy,"Autoshow, Wheelspin",forza.net/fh6cars
fh6,Alfa Romeo,2021 Alfa Romeo Giulia GTAm,Modern Super Saloons,717 S1,Italy,Autoshow DLC,forza.net/fh6cars
fh6,Alumicraft,2015 Alumicraft Class 10 Race Car,Unlimited Buggies,532 B,USA,"Autoshow, Wheelspin",forza.net/fh6cars
fh6,Alumicraft,2021 Alumicraft #122 Class 1 Buggy,Unlimited Buggies,571 B,USA,"Autoshow, Wheelspin",forza.net/fh6cars
fh6,Alumicraft,2022 Alumicraft #6165 Trick Truck,Unlimited Offroad,485 C,USA,"Autoshow, Wheelspin",forza.net/fh6cars
fh6,AMG Transport Dynamics,2554 AMG Transport Dynamics M12S Warthog CST,Unlimited Offroad,663 A,USA,"Autoshow, Collection Journal",forza.net/fh6cars
fh6,Apollo,2019 Apollo Intensa Emozione,Extreme Track Toys,916 R,Germany,"Wheelspin, Seasonal",forza.net/fh6cars
fh6,Ariel,2013 Ariel Atom 500 V8,Extreme Track Toys,825 S2,UK,"Autoshow, Wheelspin",forza.net/fh6cars
fh6,Ariel,2016 Ariel Nomad,Unlimited Buggies,601 A,UK,"Autoshow, Collection Journal, Wheelspin",forza.net/fh6cars
fh6,Aston Martin,1964 Aston Martin DB5,Rare Classics,416 C,UK,Autoshow,forza.net/fh6cars
fh6,Aston Martin,2016 Aston Martin Vulcan,Extreme Track Toys,884 S2,UK,"Autoshow, Wheelspin, Loyalty",forza.net/fh6cars
fh6,Aston Martin,2017 Aston Martin DB11,Super GT,679 A,UK,"Autoshow, Wheelspin",forza.net/fh6cars
fh6,Aston Martin,2017 Aston Martin Vulcan AMR Pro,Extreme Track Toys,898 S2,UK,"Autoshow, Wheelspin",forza.net/fh6cars
fh6,Aston Martin,2019 Aston Martin DBS Superleggera,Super GT,736 S1,UK,"Wheelspin, Seasonal",forza.net/fh6cars
fh6,Aston Martin,2019 Aston Martin Valhalla Concept Car,Hypercars,960 R,UK,"Wheelspin, Seasonal",forza.net/fh6cars
fh6,Aston Martin,2019 Aston Martin Vantage,GT Cars,696 A,UK,Autoshow,forza.net/fh6cars
fh6,Aston Martin,2021 Aston Martin DBX,Sports Utility Heroes,618 A,UK,Seasonal,forza.net/fh6cars
fh6,Aston Martin,2022 Aston Martin Valkyrie AMR Pro,Extreme Track Toys,989 R,UK,"Autoshow, Collection Journal, Wheelspin",forza.net/fh6cars
fh6,Aston Martin,2023 Aston Martin Valkyrie,Hypercars,924 R,UK,"Autoshow, Wheelspin",forza.net/fh6cars
fh6,Audi,1984 Audi Sport quattro,Retro Rally,526 B,Germany,"Wheelspin, Seasonal",forza.net/fh6cars
fh6,Audi,1986 Audi #2 Audi Sport quattro S1,Rally Monsters,726 S1,Germany,"Autoshow, Wheelspin",forza.net/fh6cars
fh6,Audi,2001 Audi RS 4 Avant,Retro Super Saloons,544 B,Germany,"Autoshow, Wheelspin",forza.net/fh6cars
fh6,Audi,2003 Audi RS 6,Retro Super Saloons,556 B,Germany,"Autoshow, Wheelspin",forza.net/fh6cars
fh6,Audi,2006 Audi RS 4,Modern Super Saloons,593 B,Germany,"Autoshow, Wheelspin",forza.net/fh6cars
fh6,Audi,2009 Audi R8 LMS,Extreme Track Toys,810 S2,Germany,"Autoshow, Wheelspin",forza.net/fh6cars
fh6,Audi,2009 Audi RS 6,Modern Super Saloons,598 B,Germany,"Autoshow, Wheelspin",forza.net/fh6cars
fh6,Audi,2010 Audi TT RS Coupé,Modern Sports Cars,593 B,Germany,"Autoshow, Wheelspin",forza.net/fh6cars
fh6,Audi,2011 Audi RS 3 Sportback,Super Hot Hatch,565 B,Germany,"Autoshow, Wheelspin",forza.net/fh6cars
fh6,Audi,2011 Audi RS 5 Coupé,Modern Super Saloons,613 A,Germany,"Autoshow, Wheelspin",forza.net/fh6cars
fh6,Audi,2013 Audi R8 Coupé V10 plus 5.2 FSI quattro,Modern Supercars,694 A,Germany,"Collection Journal, Seasonal",forza.net/fh6cars
fh6,Audi,2013 Audi RS 4 Avant,Modern Super Saloons,607 A,Germany,"Autoshow, Wheelspin",forza.net/fh6cars
fh6,Audi,2013 Audi RS 7 Sportback,Modern Super Saloons,619 A,Germany,"Autoshow, Wheelspin",forza.net/fh6cars
fh6,Audi,2015 Audi RS 6 Avant,Modern Super Saloons,640 A,Germany,"Autoshow, Wheelspin",forza.net/fh6cars
fh6,Audi,2015 Audi S1,Hot Hatch,527 B,Germany,"Autoshow, Wheelspin",forza.net/fh6cars
fh6,Audi,2016 Audi R8 V10 plus,Modern Supercars,731 S1,Germany,"Autoshow, Wheelspin",forza.net/fh6cars
fh6,Audi,2018 Audi RS 4 Avant,Modern Super Saloons,637 A,Germany,"Autoshow, Wheelspin",forza.net/fh6cars
fh6,Audi,2020 Audi R8 V10 performance,Modern Supercars,738 S1,Germany,"Autoshow, Wheelspin",forza.net/fh6cars
fh6,Audi,2020 Audi RS 3 Sedan,Modern Super Saloons,617 A,Germany,"Autoshow, Wheelspin",forza.net/fh6cars
fh6,Audi,2021 Audi RS 6 Avant,Modern Super Saloons,650 A,Germany,"Autoshow, Wheelspin",forza.net/fh6cars
fh6,Audi,2021 Audi RS 7 Sportback,Modern Super Saloons,655 A,Germany,"Autoshow, Wheelspin",forza.net/fh6cars
fh6,Audi,2021 Audi RS e-tron GT,Modern Super Saloons,677 A,Germany,"Autoshow, Wheelspin",forza.net/fh6cars
fh6,Audi,2023 Audi R8 Coupé V10 GT RWD,Modern Supercars,769 S1,Germany,Autoshow DLC,forza.net/fh6cars
fh6,Austin-Healey,1965 Austin-Healey 3000 MkIII,Classic Sports Cars,352 D,UK,"Autoshow, Wheelspin",forza.net/fh6cars
fh6,Autozam,1993 Autozam AZ-1,Eclectic Domestics,342 D,Japan,"Autoshow, Wheelspin",forza.net/fh6cars
fh6,BAC,2014 BAC Mono,Track Toys,766 S1,UK,"Autoshow, Wheelspin",forza.net/fh6cars
fh6,Bentley,2016 Bentley Bentayga,Sports Utility Heroes,612 A,UK,"Wheelspin, Seasonal",forza.net/fh6cars
fh6,Bentley,2021 Bentley Continental GT Convertible,GT Cars,649 A,UK,"Autoshow, Collection Journal, Wheelspin",forza.net/fh6cars
fh6,BMW,1957 BMW Isetta 300 Export,Cult Cars,100 D,Germany,"Autoshow, Wheelspin",forza.net/fh6cars
fh6,BMW,1973 BMW 2002 Turbo,Classic Sports Cars,424 C,Germany,"Autoshow, Wheelspin",forza.net/fh6cars
fh6,BMW,1981 BMW M1,Retro Supercars,510 B,Germany,Collection Journal,forza.net/fh6cars
fh6,BMW,1988 BMW M3,Retro Super Saloons,474 C,Germany,"Autoshow, Wheelspin",forza.net/fh6cars
fh6,BMW,1988 BMW M5,Retro Super Saloons,470 C,Germany,"Autoshow, Wheelspin",forza.net/fh6cars
fh6,BMW,1995 BMW 850CSi,Retro Sports Cars,493 C,Germany,"Autoshow, Wheelspin",forza.net/fh6cars
fh6,BMW,1995 BMW M5,Retro Super Saloons,516 B,Germany,"Autoshow, Wheelspin",forza.net/fh6cars
fh6,BMW,1997 BMW M3,Retro Super Saloons,549 B,Germany,"Autoshow, Wheelspin",forza.net/fh6cars
fh6,BMW,2003 BMW M5,Retro Super Saloons,580 B,Germany,"Autoshow, Wheelspin",forza.net/fh6cars
fh6,BMW,2005 BMW M3,Retro Super Saloons,554 B,Germany,"Autoshow, Wheelspin",forza.net/fh6cars
fh6,BMW,2008 BMW M3,Modern Super Saloons,608 A,Germany,"Autoshow, Wheelspin",forza.net/fh6cars
fh6,BMW,2008 BMW Z4 M Coupé,Modern Sports Cars,579 B,Germany,"Autoshow, Wheelspin",forza.net/fh6cars
fh6,BMW,2009 BMW M5,Modern Super Saloons,595 B,Germany,"Autoshow, Wheelspin",forza.net/fh6cars
fh6,BMW,2010 BMW M3 GTS,Track Toys,678 A,Germany,"Autoshow, Wheelspin",forza.net/fh6cars
fh6,BMW,2011 BMW X5 M,Sports Utility Heroes,546 B,Germany,"Autoshow, Wheelspin",forza.net/fh6cars
fh6,BMW,2012 BMW M5,Modern Super Saloons,652 A,Germany,"Autoshow, Wheelspin",forza.net/fh6cars
fh6,BMW,2014 BMW M4 Coupé,Modern Super Saloons,679 A,Germany,"Autoshow, Wheelspin",forza.net/fh6cars
fh6,BMW,2015 BMW i8,Modern Sports Cars,665 A,Germany,"Autoshow, Wheelspin",forza.net/fh6cars
fh6,BMW,2016 BMW M4 GTS,Track Toys,711 S1,Germany,"Autoshow, Wheelspin",forza.net/fh6cars
fh6,BMW,2019 BMW Z4 Roadster,Modern Sports Cars,634 A,Germany,"Autoshow, Collection Journal, Wheelspin",forza.net/fh6cars
fh6,BMW,2020 BMW M2 Competition Coupé,Modern Super Saloons,656 A,Germany,"Wheelspin, Seasonal",forza.net/fh6cars
fh6,BMW,2020 BMW M8 Competition Coupé,GT Cars,684 A,Germany,"Autoshow, Wheelspin",forza.net/fh6cars
fh6,BMW,2021 BMW M4 Competition Coupé,Modern Super Saloons,666 A,Germany,"Autoshow, Wheelspin",forza.net/fh6cars
fh6,BMW,2021 BMW M4 Competition Coupé Welcome Pack,Modern Super Saloons,800 S1,Germany,Autoshow DLC,forza.net/fh6cars
fh6,BMW,2022 BMW iX xDrive50,Sports Utility Heroes,595 B,Germany,"Autoshow, Wheelspin",forza.net/fh6cars
fh6,BMW,2022 BMW M5 CS,Modern Super Saloons,731 S1,Germany,"Autoshow, Wheelspin",forza.net/fh6cars
fh6,BMW,2023 BMW M2,Modern Super Saloons,647 A,Germany,"Autoshow, Wheelspin",forza.net/fh6cars
fh6,BMW,2023 BMW M2 Forza Edition,Track Toys,700 A,Germany,"Collection Journal, Seasonal",forza.net/fh6cars
fh6,BMW,2024 BMW X6 M Competition,Sports Utility Heroes,672 A,Germany,"Autoshow, Wheelspin",forza.net/fh6cars
fh6,Buick,1987 Buick Regal GNX,Retro Muscle,454 C,USA,Autoshow,forza.net/fh6cars
fh6,Cadillac,2013 Cadillac XTS Limousine,Modern Super Saloons,381 D,USA,"Autoshow, Wheelspin",forza.net/fh6cars
fh6,Cadillac,2016 Cadillac ATS-V,Modern Muscle,601 A,USA,"Autoshow, Wheelspin",forza.net/fh6cars
fh6,Cadillac,2016 Cadillac CTS-V Sedan,Modern Muscle,648 A,USA,"Autoshow, Wheelspin",forza.net/fh6cars
fh6,Cadillac,2022 Cadillac CT4-V Blackwing,Modern Muscle,650 A,USA,"Autoshow, Wheelspin",forza.net/fh6cars
fh6,Cadillac,2022 Cadillac CT5-V Blackwing,Modern Muscle,701 S1,USA,"Autoshow, Wheelspin",forza.net/fh6cars
fh6,Can-Am,2018 Can-Am Maverick X RS Turbo R,UTV's,568 B,Canada,"Autoshow, Wheelspin",forza.net/fh6cars
fh6,Casey Currie Motorsports,2019 Casey Currie Motorsports #4402 Ultra 4 'Trophy Jeep',Unlimited Offroad,641 A,USA,"Wheelspin, Seasonal",forza.net/fh6cars
fh6,Chevrolet,1953 Chevrolet Corvette,Classic Sports Cars,270 D,USA,"Autoshow, Wheelspin",forza.net/fh6cars
fh6,Chevrolet,1955 Chevrolet 150 Utility Sedan,Rods and Customs,221 D,USA,"Autoshow, Wheelspin",forza.net/fh6cars
fh6,Chevrolet,1957 Chevrolet Bel Air,Rods and Customs,320 D,USA,"Autoshow, Wheelspin",forza.net/fh6cars
fh6,Chevrolet,1960 Chevrolet Corvette,Classic Sports Cars,428 C,USA,"Wheelspin, Seasonal",forza.net/fh6cars
fh6,Chevrolet,1964 Chevrolet Impala Super Sport 409,Rods and Customs,427 C,USA,"Autoshow, Wheelspin",forza.net/fh6cars
fh6,Chevrolet,1967 Chevrolet Corvette Stingray 427,Classic Muscle,510 B,USA,"Collection Journal, Seasonal",forza.net/fh6cars
fh6,Chevrolet,1969 Chevrolet Camaro Super Sport Coupe,Classic Muscle,471 C,USA,"Autoshow, Wheelspin",forza.net/fh6cars
fh6,Chevrolet,1969 Chevrolet Nova Super Sport 396,Classic Muscle,431 C,USA,"Autoshow, Wheelspin",forza.net/fh6cars
fh6,Chevrolet,1970 Chevrolet Camaro Z28,Classic Muscle,430 C,USA,"Autoshow, Wheelspin",forza.net/fh6cars
fh6,Chevrolet,1970 Chevrolet Chevelle Super Sport 454,Classic Muscle,424 C,USA,"Autoshow, Wheelspin",forza.net/fh6cars
fh6,Chevrolet,1970 Chevrolet Corvette ZR-1,Classic Muscle,497 C,USA,"Autoshow, Wheelspin",forza.net/fh6cars
fh6,Chevrolet,1970 Chevrolet El Camino Super Sport 454,Utility Heroes,430 C,USA,"Autoshow, Wheelspin",forza.net/fh6cars
fh6,Chevrolet,1972 Chevrolet K-10 Custom,Pickups & 4x4's,268 D,USA,"Autoshow, Wheelspin",forza.net/fh6cars
fh6,Chevrolet,1979 Chevrolet Camaro Z28,Classic Muscle,364 D,USA,"Autoshow, Wheelspin",forza.net/fh6cars
fh6,Chevrolet,1988 Chevrolet Monte Carlo Super Sport,Retro Muscle,282 D,USA,"Autoshow, Wheelspin",forza.net/fh6cars
fh6,Chevrolet,1995 Chevrolet Corvette ZR-1,Retro Muscle,576 B,USA,"Autoshow, Wheelspin",forza.net/fh6cars
fh6,Chevrolet,1996 Chevrolet Impala Super Sport,Retro Muscle,407 C,USA,"Autoshow, Wheelspin",forza.net/fh6cars
fh6,Chevrolet,2002 Chevrolet Corvette Z06,Retro Muscle,602 A,USA,"Autoshow, Wheelspin",forza.net/fh6cars
fh6,Chevrolet,2009 Chevrolet Corvette ZR1,Modern Muscle,712 S1,USA,"Autoshow, Wheelspin",forza.net/fh6cars
fh6,Chevrolet,2015 Chevrolet Camaro Z/28,Track Toys,695 A,USA,"Autoshow, Wheelspin",forza.net/fh6cars
fh6,Chevrolet,2015 Chevrolet Corvette Z06,Modern Muscle,755 S1,USA,"Autoshow, Wheelspin",forza.net/fh6cars
fh6,Chevrolet,2017 Chevrolet Camaro ZL1,Modern Muscle,727 S1,USA,"Autoshow, Wheelspin",forza.net/fh6cars
fh6,Chevrolet,2018 Chevrolet Camaro ZL1 1LE,Track Toys,728 S1,USA,"Autoshow, Wheelspin",forza.net/fh6cars
fh6,Chevrolet,2019 Chevrolet Corvette ZR1,Track Toys,778 S1,USA,"Wheelspin, Seasonal",forza.net/fh6cars
fh6,Chevrolet,2020 Chevrolet Corvette Stingray Coupe,Modern Supercars,700 A,USA,"Autoshow, Wheelspin",forza.net/fh6cars
fh6,Chevrolet,2020 Chevrolet Silverado LT Trail Boss,Pickups & 4x4's,449 C,USA,"Autoshow, Wheelspin",forza.net/fh6cars
fh6,Chevrolet,2023 Chevrolet Corvette Z06,Track Toys,763 S1,USA,"Autoshow, Wheelspin",forza.net/fh6cars
fh6,Chevrolet,2024 Chevrolet Corvette E-Ray,Modern Supercars,737 S1,USA,"Autoshow, Wheelspin, Loyalty",forza.net/fh6cars
fh6,Datsun,1969 Datsun 2000 Roadster,Classic Sports Cars,323 D,Japan,Seasonal,forza.net/fh6cars
fh6,Datsun,1970 Datsun 510,Classic Sports Cars,143 D,Japan,"Autoshow, Wheelspin",forza.net/fh6cars
fh6,Datsun,1972 Datsun #269 Attacking the Clock Racing 240Z 'All Carbon Hill Climb Beast',Extreme Track Toys,951 R,Japan,Autoshow DLC,forza.net/fh6cars
fh6,DeBerti,2013 DeBerti Jeep Wrangler Unlimited,Unlimited Offroad,645 A,USA,"Autoshow, Wheelspin",forza.net/fh6cars
fh6,DeBerti,2018 DeBerti Chevrolet Silverado 1500 Drift Truck,Drift Cars,707 S1,USA,"Autoshow, Wheelspin",forza.net/fh6cars
fh6,DeBerti,2019 DeBerti Ford Super Duty F-250 Lariat 'Transformer',Unlimited Offroad,548 B,USA,"Autoshow, Wheelspin",forza.net/fh6cars
fh6,DeBerti,2019 DeBerti Toyota Tacoma TRD ‘The Performance Truck’,Drift Cars,717 S1,USA,"Autoshow, Wheelspin",forza.net/fh6cars
fh6,DeLorean,1982 DeLorean DMC-12,Retro Sports Cars,357 D,USA,"Autoshow, Wheelspin",forza.net/fh6cars
fh6,Dodge,1968 Dodge Dart HEMI Super Stock,Classic Muscle,540 B,USA,"Wheelspin, Seasonal",forza.net/fh6cars
fh6,Dodge,1969 Dodge Charger Daytona HEMI,Classic Muscle,479 C,USA,"Autoshow, Collection Journal, Wheelspin",forza.net/fh6cars
fh6,Dodge,1969 Dodge Charger R/T,Classic Muscle,417 C,USA,Collection Journal,forza.net/fh6cars
fh6,Dodge,1970 Dodge Challenger R/T,Classic Muscle,443 C,USA,"Wheelspin, Seasonal",forza.net/fh6cars
fh6,Dodge,1970 Dodge Coronet Super Bee,Classic Muscle,455 C,USA,"Autoshow, Wheelspin",forza.net/fh6cars
fh6,Dodge,1999 Dodge Viper GTS ACR,Retro Muscle,598 B,USA,Autoshow,forza.net/fh6cars
fh6,Dodge,1999 Dodge Viper GTS ACR Forza Edition,Unlimited Offroad,700 A,USA,Autoshow DLC,forza.net/fh6cars
fh6,Dodge,2006 Dodge Ram SRT-10,Modern Muscle,547 B,USA,Seasonal,forza.net/fh6cars
fh6,Dodge,2008 Dodge Viper SRT-10 ACR,Track Toys,735 S1,USA,"Autoshow, Wheelspin",forza.net/fh6cars
fh6,Dodge,2015 Dodge Challenger SRT Hellcat,Modern Muscle,631 A,USA,"Autoshow, Wheelspin",forza.net/fh6cars
fh6,Dodge,2015 Dodge Charger SRT Hellcat,Modern Muscle,637 A,USA,"Autoshow, Wheelspin",forza.net/fh6cars
fh6,Dodge,2016 Dodge Viper ACR,Track Toys,786 S1,USA,"Wheelspin, Seasonal",forza.net/fh6cars
fh6,Dodge,2018 Dodge Challenger SRT Demon,Modern Muscle,678 A,USA,"Autoshow, Collection Journal, Wheelspin",forza.net/fh6cars
fh6,Dodge,2021 Dodge Durango SRT Hellcat,Sports Utility Heroes,628 A,USA,"Collection Journal, Seasonal",forza.net/fh6cars
fh6,Dodge,2022 Dodge Challenger SRT Super Stock,Modern Muscle,695 A,USA,"Autoshow, Wheelspin",forza.net/fh6cars
fh6,Ferrari,1962 Ferrari 250 GT Berlinetta Lusso,Rare Classics,475 C,Italy,"Autoshow, Collection Journal",forza.net/fh6cars
fh6,Ferrari,1962 Ferrari 250 GTO,Classic Racers,494 C,Italy,"Autoshow, Wheelspin",forza.net/fh6cars
fh6,Ferrari,1967 Ferrari #24 Ferrari Spa 330 P4,Classic Racers,684 A,Italy,"Autoshow, Wheelspin",forza.net/fh6cars
fh6,Ferrari,1967 Ferrari 275 GTB4 Spider,Rare Classics,490 C,Italy,Autoshow DLC,forza.net/fh6cars
fh6,Ferrari,1969 Ferrari Dino 246 GT,Rare Classics,428 C,Italy,"Autoshow, Wheelspin",forza.net/fh6cars
fh6,Ferrari,1970 Ferrari 512 S,Classic Racers,774 S1,Italy,"Autoshow, Wheelspin",forza.net/fh6cars
fh6,Ferrari,1984 Ferrari 288 GTO,Retro Supercars,643 A,Italy,"Wheelspin, Seasonal",forza.net/fh6cars
fh6,Ferrari,1987 Ferrari F40,Retro Supercars,678 A,Italy,"Autoshow, Collection Journal",forza.net/fh6cars
fh6,Ferrari,1989 Ferrari F40 Competizione,Retro Racers,948 R,Italy,"Autoshow, Wheelspin",forza.net/fh6cars
fh6,Ferrari,1992 Ferrari 512 TR,Retro Supercars,615 A,Italy,"Wheelspin, Seasonal",forza.net/fh6cars
fh6,Ferrari,1994 Ferrari F355 Berlinetta,Retro Supercars,588 B,Italy,"Wheelspin, Seasonal",forza.net/fh6cars
fh6,Ferrari,1995 Ferrari F50,Retro Supercars,678 A,Italy,"Autoshow, Wheelspin",forza.net/fh6cars
fh6,Ferrari,1996 Ferrari F50 GT,Extreme Track Toys,949 R,Italy,"Collection Journal, Seasonal",forza.net/fh6cars
fh6,Ferrari,2002 Ferrari Enzo Ferrari,Retro Supercars,755 S1,Italy,Autoshow,forza.net/fh6cars
fh6,Ferrari,2005 Ferrari FXX,Extreme Track Toys,900 S2,Italy,"Autoshow, Wheelspin",forza.net/fh6cars
fh6,Ferrari,2007 Ferrari 430 Scuderia,Modern Supercars,702 S1,Italy,"Autoshow, Wheelspin",forza.net/fh6cars
fh6,Ferrari,2009 Ferrari 458 Italia,Modern Supercars,721 S1,Italy,"Autoshow, Wheelspin",forza.net/fh6cars
fh6,Ferrari,2010 Ferrari 599XX,Extreme Track Toys,840 S2,Italy,"Autoshow, Wheelspin",forza.net/fh6cars
fh6,Ferrari,2012 Ferrari 599XX Evolution,Extreme Track Toys,894 S2,Italy,"Wheelspin, Seasonal",forza.net/fh6cars
fh6,Ferrari,2013 Ferrari 458 Speciale,Track Toys,768 S1,Italy,"Autoshow, Wheelspin",forza.net/fh6cars
fh6,Ferrari,2013 Ferrari LaFerrari,Hypercars,857 S2,Italy,"Autoshow, Wheelspin",forza.net/fh6cars
fh6,Ferrari,2014 Ferrari FXX K,Extreme Track Toys,936 R,Italy,"Autoshow, Wheelspin",forza.net/fh6cars
fh6,Ferrari,2015 Ferrari 488 GTB,Modern Supercars,770 S1,Italy,"Autoshow, Wheelspin",forza.net/fh6cars
fh6,Ferrari,2015 Ferrari F12tdf,Super GT,788 S1,Italy,"Autoshow, Wheelspin",forza.net/fh6cars
fh6,Ferrari,2017 Ferrari 812 Superfast,Super GT,780 S1,Italy,"Autoshow, Wheelspin",forza.net/fh6cars
fh6,Ferrari,2017 Ferrari J50,Modern Supercars,772 S1,Italy,"Autoshow, Wheelspin",forza.net/fh6cars
fh6,Ferrari,2017 Ferrari J50 Preorder Car,Modern Supercars,800 S1,Italy,Autoshow DLC,forza.net/fh6cars
fh6,Ferrari,2018 Ferrari FXX-K Evo,Extreme Track Toys,957 R,Italy,"Autoshow, Wheelspin",forza.net/fh6cars
fh6,Ferrari,2018 Ferrari FXX-K Evo Welcome Pack,Extreme Track Toys,998 R,Italy,Autoshow DLC,forza.net/fh6cars
fh6,Ferrari,2018 Ferrari Portofino,Super GT,714 S1,Italy,"Autoshow, Wheelspin",forza.net/fh6cars
fh6,Ferrari,2019 Ferrari 488 Pista,Track Toys,803 S2,Italy,"Autoshow, Wheelspin",forza.net/fh6cars
fh6,Ferrari,2019 Ferrari F8 Tributo,Modern Supercars,802 S2,Italy,"Wheelspin, Seasonal",forza.net/fh6cars
fh6,Ferrari,2019 Ferrari Monza SP2,Super GT,773 S1,Italy,"Autoshow, Wheelspin",forza.net/fh6cars
fh6,Ferrari,2020 Ferrari Roma,Super GT,735 S1,Italy,Seasonal,forza.net/fh6cars
fh6,Ferrari,2020 Ferrari SF90 Stradale,Hypercars,851 S2,Italy,"Autoshow, Wheelspin",forza.net/fh6cars
fh6,Ferrari,2022 Ferrari 296 GTB,Modern Supercars,811 S2,Italy,Seasonal,forza.net/fh6cars
fh6,Ferrari,2025 Ferrari F80,Hypercars,920 R,Italy,Autoshow DLC,forza.net/fh6cars
fh6,Ford,1932 Ford De Luxe Five-Window Coupe,Rods and Customs,100 D,USA,"Autoshow, Wheelspin",forza.net/fh6cars
fh6,Ford,1965 Ford Mustang GT Coupe,Classic Muscle,388 D,USA,Autoshow,forza.net/fh6cars
fh6,Ford,1966 Ford #2 GT40 Mk II,Classic Racers,666 A,USA,"Autoshow, Wheelspin",forza.net/fh6cars
fh6,Ford,1968 Ford Mustang GT 2+2 Fastback,Classic Muscle,394 D,USA,"Autoshow, Wheelspin",forza.net/fh6cars
fh6,Ford,1968 Ford Mustang GT 2+2 Fastback Forza Edition,Drift Cars,700 A,USA,"Wheelspin, Seasonal",forza.net/fh6cars
fh6,Ford,1969 Ford Mustang Boss 302,Classic Muscle,468 C,USA,"Autoshow, Wheelspin",forza.net/fh6cars
fh6,Ford,1973 Ford Capri RS3100,Classic Sports Cars,394 D,USA,"Autoshow, Wheelspin",forza.net/fh6cars
fh6,Ford,1973 Ford XB Falcon GT,Classic Muscle,422 C,USA,"Autoshow, Wheelspin",forza.net/fh6cars
fh6,Ford,1977 Ford #5 Escort RS1800 MkII,Classic Rally,544 B,USA,"Autoshow, Wheelspin",forza.net/fh6cars
fh6,Ford,1985 Ford RS200 Evolution,Rally Monsters,710 S1,USA,Seasonal,forza.net/fh6cars
fh6,Ford,1986 Ford F-150 XLT Lariat,Pickups & 4x4's,263 D,USA,"Autoshow, Wheelspin",forza.net/fh6cars
fh6,Ford,1986 Ford F-150 XLT Lariat Forza Edition,Drift Cars,850 S2,USA,"Wheelspin, Seasonal",forza.net/fh6cars
fh6,Ford,1987 Ford Sierra Cosworth RS500,Retro Super Saloons,484 C,USA,Collection Journal,forza.net/fh6cars
fh6,Ford,1992 Ford Escort RS Cosworth,Retro Rally,456 C,USA,"Autoshow, Wheelspin",forza.net/fh6cars
fh6,Ford,1993 Ford Mustang SVT Cobra R,Retro Muscle,432 C,USA,"Autoshow, Wheelspin",forza.net/fh6cars
fh6,Ford,1994 Ford Supervan 3,Track Toys,740 S1,USA,"Autoshow, Wheelspin",forza.net/fh6cars
fh6,Ford,1999 Ford Racing Puma,Retro Rally,401 C,USA,"Autoshow, Wheelspin",forza.net/fh6cars
fh6,Ford,2000 Ford Mustang SVT Cobra R,Retro Muscle,528 B,USA,"Autoshow, Wheelspin",forza.net/fh6cars
fh6,Ford,2001 Ford #4 Ford Focus RS,Rally Monsters,639 A,USA,"Autoshow, Wheelspin",forza.net/fh6cars
fh6,Ford,2003 Ford F-150 SVT Lightning,Pickups & 4x4's,474 C,USA,Seasonal,forza.net/fh6cars
fh6,Ford,2003 Ford Focus RS,Retro Hot Hatch,484 C,USA,"Autoshow, Wheelspin",forza.net/fh6cars
fh6,Ford,2005 Ford GT,Retro Supercars,676 A,USA,Collection Journal,forza.net/fh6cars
fh6,Ford,2009 Ford Focus RS,Super Hot Hatch,551 B,USA,Autoshow,forza.net/fh6cars
fh6,Ford,2010 Ford Crown Victoria Police Interceptor,Retro Muscle,354 D,USA,"Autoshow, Wheelspin",forza.net/fh6cars
fh6,Ford,2011 Ford Transit SuperSportVan,Utility Heroes,235 D,USA,"Autoshow, Wheelspin",forza.net/fh6cars
fh6,Ford,2013 Ford Mustang Shelby GT500,Modern Muscle,647 A,USA,"Autoshow, Wheelspin",forza.net/fh6cars
fh6,Ford,2014 Ford #11 Rockstar F-150 Trophy Truck,Unlimited Offroad,613 A,USA,"Autoshow, Wheelspin",forza.net/fh6cars
fh6,Ford,2014 Ford FPV Limited Edition Pursuit Ute,Utility Heroes,563 B,USA,"Autoshow, Wheelspin",forza.net/fh6cars
fh6,Ford,2014 Ford Ranger T6 Rally Raid,Offroad,530 B,USA,"Wheelspin, Seasonal",forza.net/fh6cars
fh6,Ford,2016 Ford Mustang Shelby GT350R,Track Toys,721 S1,USA,"Autoshow, Wheelspin",forza.net/fh6cars
fh6,Ford,2017 Ford #14 Rahal Letterman Lanigan Racing Fiesta,Rally Monsters,772 S1,USA,"Autoshow, Collection Journal",forza.net/fh6cars
fh6,Ford,2017 Ford #25 'Brocky' Ultra4 Bronco RTR,Unlimited Offroad,644 A,USA,"Autoshow, Collection Journal",forza.net/fh6cars
fh6,Ford,2017 Ford Focus RS,Super Hot Hatch,588 B,USA,"Autoshow, Collection Journal",forza.net/fh6cars
fh6,Ford,2017 Ford GT,Modern Supercars,757 S1,USA,"Autoshow, Wheelspin",forza.net/fh6cars
fh6,Ford,2017 Ford M-Sport Fiesta RS,Rally Monsters,707 S1,USA,"Wheelspin, Seasonal",forza.net/fh6cars
fh6,Ford,2018 Ford Mustang RTR Spec 5,Modern Muscle,648 A,USA,"Autoshow, Wheelspin",forza.net/fh6cars
fh6,Ford,2020 Ford #2069 Ford Performance Bronco R,Offroad,441 C,USA,"Autoshow, Wheelspin",forza.net/fh6cars
fh6,Ford,2020 Ford Mustang Shelby GT500,Modern Muscle,734 S1,USA,"Autoshow, Wheelspin",forza.net/fh6cars
fh6,Ford,2020 Ford Super Duty F-450 DRW PLATINUM,Pickups & 4x4's,379 D,USA,"Autoshow, Wheelspin",forza.net/fh6cars
fh6,Ford,2020 Ford Super Duty F-450 DRW PLATINUM Forza Edition,Pickups & 4x4's,700 A,USA,"Wheelspin, Seasonal",forza.net/fh6cars
fh6,Ford,2022 Ford Bronco Raptor,Pickups & 4x4's,473 C,USA,"Autoshow, Wheelspin",forza.net/fh6cars
fh6,Ford,2022 Ford F-150 Lightning,Pickups & 4x4's,500 C,USA,"Wheelspin, Seasonal",forza.net/fh6cars
fh6,Ford,2022 Ford Focus ST,Hot Hatch,594 B,USA,"Autoshow, Wheelspin",forza.net/fh6cars
fh6,Ford,2022 Ford Supervan 4,Extreme Track Toys,919 R,USA,"Collection Journal, Seasonal",forza.net/fh6cars
fh6,Ford,2023 Ford F-150 Raptor R,Pickups & 4x4's,536 B,USA,"Autoshow, Wheelspin",forza.net/fh6cars
fh6,Ford,2023 Ford F-150 Raptor R Welcome Pack,Pickups & 4x4's,600 B,USA,Autoshow DLC,forza.net/fh6cars
fh6,Ford,2023 Ford Fiesta ST,Hot Hatch,500 C,USA,"Autoshow, Wheelspin",forza.net/fh6cars
fh6,Ford,2024 Ford Mustang Dark Horse,Modern Muscle,669 A,USA,"Autoshow, Collection Journal",forza.net/fh6cars
fh6,Ford,2024 Ford Mustang GT,Modern Muscle,628 A,USA,"Autoshow, Wheelspin",forza.net/fh6cars
fh6,Formula Drift,1989 Formula Drift #98 BMW 325i,Drift Cars,726 S1,USA,"Autoshow, Wheelspin",forza.net/fh6cars
fh6,Formula Drift,1995 Formula Drift #34 Toyota Supra MkIV,Drift Cars,759 S1,USA,"Autoshow, Wheelspin",forza.net/fh6cars
fh6,Formula Drift,1997 Formula Drift #777 Nissan 240SX,Drift Cars,748 S1,USA,"Autoshow, Collection Journal",forza.net/fh6cars
fh6,Formula Drift,2006 Formula Drift #43 Dodge Viper SRT-10 ACR,Drift Cars,748 S1,USA,"Wheelspin, Seasonal",forza.net/fh6cars
fh6,Formula Drift,2007 Formula Drift #117 599 GTB Fiorano,Drift Cars,767 S1,USA,"Autoshow, Collection Journal",forza.net/fh6cars
fh6,Formula Drift,2009 Formula Drift #99 Mazda RX-8,Drift Cars,737 S1,USA,"Autoshow, Collection Journal",forza.net/fh6cars
fh6,Formula Drift,2013 Formula Drift #777 Chevrolet Corvette,Drift Cars,760 S1,USA,"Autoshow, Wheelspin",forza.net/fh6cars
fh6,Formula Drift,2015 Formula Drift #13 Ford Mustang,Drift Cars,739 S1,USA,"Wheelspin, Seasonal",forza.net/fh6cars
fh6,Formula Drift,2016 Formula Drift #530 HSV Maloo GEN-F,Drift Cars,710 S1,USA,"Autoshow, Wheelspin",forza.net/fh6cars
fh6,Formula Drift,2019 Formula Drift #411 Toyota Corolla Hatchback,Drift Cars,754 S1,USA,"Autoshow, Wheelspin",forza.net/fh6cars
fh6,Formula Drift,2020 Formula Drift #151 Toyota GR Supra,Drift Cars,779 S1,USA,"Autoshow, Wheelspin",forza.net/fh6cars
fh6,Formula Drift,2020 Formula Drift #91 BMW M2,Drift Cars,748 S1,USA,"Autoshow, Wheelspin",forza.net/fh6cars
fh6,Formula Drift,2023 Formula Drift #64 Forsberg Racing Nissan Z,Drift Cars,783 S1,USA,"Autoshow, Wheelspin",forza.net/fh6cars
fh6,Funco Motorsports,2018 Funco Motorsports F9,Unlimited Buggies,752 S1,USA,"Collection Journal, Seasonal",forza.net/fh6cars
fh6,GMC,1970 GMC Jimmy,Pickups & 4x4's,416 C,USA,Autoshow,forza.net/fh6cars
fh6,GMC,1991 GMC Syclone,Pickups & 4x4's,446 C,USA,"Autoshow, Wheelspin",forza.net/fh6cars
fh6,GMC,1992 GMC Typhoon,Sports Utility Heroes,435 C,USA,"Autoshow, Wheelspin",forza.net/fh6cars
fh6,GMC,2022 GMC HUMMER EV Pickup,Pickups & 4x4's,610 A,USA,"Autoshow, Wheelspin",forza.net/fh6cars
fh6,Gordon Murray Automotive,2020 Gordon Murray Automotive T.50,Hypercars,871 S2,UK,"Autoshow, Collection Journal",forza.net/fh6cars
fh6,GR,2025 GR GT Prototype,Super GT,771 S1,Japan,"Autoshow, Wheelspin",forza.net/fh6cars
fh6,Hennessey,2012 Hennessey Venom GT,Hypercars,845 S2,USA,"Wheelspin, Seasonal",forza.net/fh6cars
fh6,Hennessey,2019 Hennessey Ford F-150 VelociRaptor 6X6,Pickups & 4x4's,520 B,USA,"Autoshow, Wheelspin",forza.net/fh6cars
fh6,Hennessey,2021 Hennessey Venom F5,Hypercars,870 S2,USA,"Autoshow, Wheelspin",forza.net/fh6cars
fh6,Holden,1977 Holden Torana A9X,Classic Muscle,413 C,Australia,"Autoshow, Wheelspin",forza.net/fh6cars
fh6,Honda,1970 Honda S800,Cult Cars,134 D,Japan,"Autoshow, Wheelspin",forza.net/fh6cars
fh6,Honda,1974 Honda Civic RS,Retro Hot Hatch,254 D,Japan,"Collection Journal, Seasonal",forza.net/fh6cars
fh6,Honda,1984 Honda City E II,Eclectic Domestics,203 D,Japan,"Autoshow, Collection Journal, Wheelspin",forza.net/fh6cars
fh6,Honda,1984 Honda Civic CRX Mugen,Retro Sports Cars,390 D,Japan,"Collection Journal, Seasonal",forza.net/fh6cars
fh6,Honda,1986 Honda Civic Si,Retro Hot Hatch,253 D,Japan,Autoshow,forza.net/fh6cars
fh6,Honda,1990 Honda #19 101 Motorsport CRX WTAC,Extreme Track Toys,877 S2,Japan,Autoshow DLC,forza.net/fh6cars
fh6,Honda,1991 Honda Beat,Eclectic Domestics,283 D,Japan,"Autoshow, Collection Journal, Wheelspin",forza.net/fh6cars
fh6,Honda,1991 Honda CR-X SiR,Retro Hot Hatch,465 C,Japan,Seasonal,forza.net/fh6cars
fh6,Honda,1992 Honda #21 Hardrace/JDMYard Civic WTAC,Extreme Track Toys,913 R,Japan,Autoshow DLC,forza.net/fh6cars
fh6,Honda,1992 Honda NSX-R,Retro Sports Cars,572 B,Japan,"Autoshow, Wheelspin",forza.net/fh6cars
fh6,Honda,1994 Honda Acty,Eclectic Domestics,100 D,Japan,"Autoshow, Collection Journal, Wheelspin",forza.net/fh6cars
fh6,Honda,1994 Honda Prelude Si,Retro Hot Hatch,410 C,Japan,"Autoshow, Collection Journal, Wheelspin",forza.net/fh6cars
fh6,Honda,1997 Honda Civic Type R,Retro Hot Hatch,430 C,Japan,"Autoshow, Wheelspin",forza.net/fh6cars
fh6,Honda,2001 Honda #33 Integra WTAC,Extreme Track Toys,860 S2,Japan,Autoshow DLC,forza.net/fh6cars
fh6,Honda,2003 Honda S2000,Modern Sports Cars,503 B,Japan,"Autoshow, Wheelspin",forza.net/fh6cars
fh6,Honda,2004 Honda #52 Evasive Motorsports S2000 WTAC,Extreme Track Toys,888 S2,Japan,Autoshow DLC,forza.net/fh6cars
fh6,Honda,2004 Honda Civic Type R,Retro Hot Hatch,480 C,Japan,"Autoshow, Wheelspin",forza.net/fh6cars
fh6,Honda,2005 Honda NSX-R,Retro Sports Cars,570 B,Japan,"Autoshow, Collection Journal",forza.net/fh6cars
fh6,Honda,2005 Honda NSX-R GT,Retro Sports Cars,608 A,Japan,Collection Journal,forza.net/fh6cars
fh6,Honda,2007 Honda Civic Type R,Hot Hatch,454 C,Japan,"Autoshow, Wheelspin",forza.net/fh6cars
fh6,Honda,2008 Honda Civic Type R (FD2),Retro Super Saloons,514 B,Japan,Autoshow DLC,forza.net/fh6cars
fh6,Honda,2015 Honda Civic Type R,Super Hot Hatch,585 B,Japan,"Autoshow, Wheelspin",forza.net/fh6cars
fh6,Honda,2015 Honda Ridgeline Baja Trophy Truck,Unlimited Offroad,580 B,Japan,"Autoshow, Wheelspin",forza.net/fh6cars
fh6,Honda,2018 Honda Civic Type R,Super Hot Hatch,608 A,Japan,"Autoshow, Wheelspin",forza.net/fh6cars
fh6,Honda,2022 Honda e,Hot Hatch,398 D,Japan,"Autoshow, Wheelspin",forza.net/fh6cars
fh6,Honda,2023 Honda Civic Type R,Super Hot Hatch,620 A,Japan,"Autoshow, Collection Journal, Wheelspin",forza.net/fh6cars
fh6,HSV,2014 HSV GEN-F GTS,Modern Muscle,601 A,Australia,"Autoshow, Wheelspin",forza.net/fh6cars
fh6,HSV,2014 HSV Limited Edition GEN-F GTS Maloo,Utility Heroes,629 A,Australia,"Autoshow, Wheelspin",forza.net/fh6cars
fh6,Hyundai,2019 Hyundai Veloster N,Super Hot Hatch,532 B,Korea,"Autoshow, Wheelspin",forza.net/fh6cars
fh6,Hyundai,2020 Hyundai i30 N,Super Hot Hatch,553 B,Korea,"Autoshow, Wheelspin",forza.net/fh6cars
fh6,Hyundai,2021 Hyundai i20 N,Hot Hatch,564 B,Korea,"Autoshow, Wheelspin",forza.net/fh6cars
fh6,Hyundai,2022 Hyundai N Vision 74,Track Toys,692 A,Korea,"Autoshow, Wheelspin",forza.net/fh6cars
fh6,Hyundai,2023 Hyundai IONIQ 5 N,Sports Utility Heroes,657 A,Korea,"Autoshow, Wheelspin",forza.net/fh6cars
fh6,Jaguar,1956 Jaguar D-Type,Classic Racers,506 B,UK,"Autoshow, Wheelspin",forza.net/fh6cars
fh6,Jaguar,1961 Jaguar E-type,Rare Classics,414 C,UK,"Wheelspin, Seasonal",forza.net/fh6cars
fh6,Jaguar,1964 Jaguar Lightweight E-Type,Classic Racers,568 B,UK,"Autoshow, Wheelspin",forza.net/fh6cars
fh6,Jaguar,1991 Jaguar Sport XJR-15,Retro Supercars,716 S1,UK,"Autoshow, Collection Journal",forza.net/fh6cars
fh6,Jaguar,1993 Jaguar XJ220,Retro Supercars,676 A,UK,"Autoshow, Wheelspin",forza.net/fh6cars
fh6,Jaguar,1993 Jaguar XJ220S TWR,Retro Supercars,750 S1,UK,"Autoshow, Wheelspin",forza.net/fh6cars
fh6,Jaguar,2010 Jaguar C-X75,Modern Supercars,810 S2,UK,"Autoshow, Wheelspin",forza.net/fh6cars
fh6,Jeep,2012 Jeep Wrangler Rubicon,Pickups & 4x4's,350 D,USA,"Autoshow, Wheelspin",forza.net/fh6cars
fh6,Jeep,2016 Jeep Trailcat,Unlimited Offroad,635 A,USA,"Autoshow, Wheelspin",forza.net/fh6cars
fh6,Jeep,2018 Jeep Grand Cherokee Trackhawk,Sports Utility Heroes,631 A,USA,"Autoshow, Wheelspin",forza.net/fh6cars
fh6,Jeep,2020 Jeep JT,Pickups & 4x4's,336 D,USA,"Autoshow, Wheelspin",forza.net/fh6cars
fh6,Jimco,2019 Jimco #240 Fastball Racing Class 6100 Spec Trophy Truck,Unlimited Offroad,511 B,USA,"Autoshow, Wheelspin",forza.net/fh6cars
fh6,Jimco,2020 Jimco #179 Hammerhead Class 1,Unlimited Buggies,652 A,USA,"Autoshow, Wheelspin",forza.net/fh6cars
fh6,Koenigsegg,2008 Koenigsegg CCGT,Extreme Track Toys,900 S2,Sweden,"Autoshow, Wheelspin",forza.net/fh6cars
fh6,Koenigsegg,2011 Koenigsegg Agera,Hypercars,810 S2,Sweden,"Autoshow, Wheelspin",forza.net/fh6cars
fh6,Koenigsegg,2015 Koenigsegg One:1,Hypercars,890 S2,Sweden,"Wheelspin, Seasonal",forza.net/fh6cars
fh6,Koenigsegg,2016 Koenigsegg Regera,Hypercars,886 S2,Sweden,Autoshow,forza.net/fh6cars
fh6,Koenigsegg,2017 Koenigsegg Agera RS,Hypercars,890 S2,Sweden,"Autoshow, Collection Journal",forza.net/fh6cars
fh6,Koenigsegg,2020 Koenigsegg Jesko,Hypercars,899 S2,Sweden,"Autoshow, Wheelspin",forza.net/fh6cars
fh6,Koenigsegg,2024 Koenigsegg Gemera,Hypercars,900 S2,Sweden,Autoshow DLC,forza.net/fh6cars
fh6,KTM,2018 KTM X-Bow GT4,Extreme Track Toys,749 S1,Austria,"Autoshow, Wheelspin",forza.net/fh6cars
fh6,Lamborghini,1967 Lamborghini Miura P400,Rare Classics,505 B,Italy,"Autoshow, Wheelspin",forza.net/fh6cars
fh6,Lamborghini,1988 Lamborghini Countach LP5000 QV,Retro Supercars,622 A,Italy,Seasonal,forza.net/fh6cars
fh6,Lamborghini,1997 Lamborghini Diablo SV,Retro Supercars,649 A,Italy,Collection Journal,forza.net/fh6cars
fh6,Lamborghini,1999 Lamborghini Diablo GTR,Extreme Track Toys,823 S2,Italy,"Wheelspin, Seasonal",forza.net/fh6cars
fh6,Lamborghini,2010 Lamborghini Murciélago LP 670-4 SV,Modern Supercars,707 S1,Italy,"Autoshow, Wheelspin",forza.net/fh6cars
fh6,Lamborghini,2011 Lamborghini Sesto Elemento,Extreme Track Toys,871 S2,Italy,"Wheelspin, Seasonal",forza.net/fh6cars
fh6,Lamborghini,2012 Lamborghini Aventador LP700-4,Hypercars,753 S1,Italy,"Wheelspin, Seasonal",forza.net/fh6cars
fh6,Lamborghini,2012 Lamborghini Gallardo LP570-4 Spyder Performante,Modern Supercars,685 A,Italy,"Autoshow, Wheelspin",forza.net/fh6cars
fh6,Lamborghini,2013 Lamborghini Veneno,Hypercars,834 S2,Italy,"Autoshow, Wheelspin",forza.net/fh6cars
fh6,Lamborghini,2014 Lamborghini Huracán LP 610-4,Modern Supercars,738 S1,Italy,"Autoshow, Wheelspin, Loyalty",forza.net/fh6cars
fh6,Lamborghini,2016 Lamborghini Centenario LP 770-4,Hypercars,792 S1,Italy,"Autoshow, Wheelspin, Loyalty",forza.net/fh6cars
fh6,Lamborghini,2018 Lamborghini Aventador SVJ,Hypercars,794 S1,Italy,"Autoshow, Wheelspin",forza.net/fh6cars
fh6,Lamborghini,2019 Lamborghini Urus,Sports Utility Heroes,659 A,Italy,"Autoshow, Collection Journal",forza.net/fh6cars
fh6,Lamborghini,2020 Lamborghini Essenza SCV12,Extreme Track Toys,911 R,Italy,"Autoshow, Wheelspin",forza.net/fh6cars
fh6,Lamborghini,2020 Lamborghini Huracán EVO,Modern Supercars,761 S1,Italy,Seasonal,forza.net/fh6cars
fh6,Lamborghini,2020 Lamborghini Huracán STO,Track Toys,783 S1,Italy,"Autoshow, Wheelspin",forza.net/fh6cars
fh6,Lamborghini,2020 Lamborghini Sián Roadster,Hypercars,797 S1,Italy,"Autoshow, Wheelspin",forza.net/fh6cars
fh6,Lamborghini,2021 Lamborghini Countach LPI 800-4,Hypercars,773 S1,Italy,"Autoshow, Wheelspin",forza.net/fh6cars
fh6,Lamborghini,2022 Lamborghini Aventador LP 780-4 Ultimae,Hypercars,794 S1,Italy,Seasonal,forza.net/fh6cars
fh6,Lamborghini,2022 Lamborghini Huracán Sterrato,Rally Monsters,738 S1,Italy,"Collection Journal, Seasonal",forza.net/fh6cars
fh6,Lamborghini,2022 Lamborghini Huracán Tecnica,Modern Supercars,747 S1,Italy,"Autoshow, Wheelspin",forza.net/fh6cars
fh6,Lamborghini,2024 Lamborghini Revuelto,Hypercars,829 S2,Italy,"Autoshow, Collection Journal",forza.net/fh6cars
fh6,Lancia,1974 Lancia Stratos HF Stradale,Classic Rally,483 C,Italy,Collection Journal,forza.net/fh6cars
fh6,Lancia,1986 Lancia Delta S4,Retro Rally,564 B,Italy,"Autoshow, Wheelspin",forza.net/fh6cars
fh6,Lancia,1992 Lancia Delta HF Integrale EVO,Retro Rally,489 C,Italy,"Autoshow, Wheelspin",forza.net/fh6cars
fh6,Land Rover,2015 Land Rover Range Rover Sport SVR,Sports Utility Heroes,604 A,UK,"Autoshow, Collection Journal",forza.net/fh6cars
fh6,Land Rover,2020 Land Rover Defender 110 X,Sports Utility Heroes,427 C,UK,Autoshow,forza.net/fh6cars
fh6,Lexus,2010 Lexus LFA,Modern Supercars,699 A,USA,Autoshow,forza.net/fh6cars
fh6,Lexus,2010 Lexus LFA Forza Edition,Extreme Track Toys,900 S2,USA,"Collection Journal, Seasonal",forza.net/fh6cars
fh6,Lexus,2015 Lexus RC F,Modern Super Saloons,623 A,USA,"Autoshow, Wheelspin",forza.net/fh6cars
fh6,Lexus,2021 Lexus LC 500,GT Cars,592 B,USA,"Autoshow, Wheelspin",forza.net/fh6cars
fh6,Lincoln,1962 Lincoln Continental,Rods and Customs,267 D,USA,Collection Journal,forza.net/fh6cars
fh6,Lotus,1997 Lotus Elise GT1,Retro Supercars,709 S1,UK,"Autoshow, Wheelspin",forza.net/fh6cars
fh6,Lotus,1999 Lotus Elise Series 1 Sport 190,Retro Sports Cars,589 B,UK,"Autoshow, Wheelspin",forza.net/fh6cars
fh6,Lotus,2018 Lotus Exige Cup 430,Track Toys,732 S1,UK,Seasonal,forza.net/fh6cars
fh6,Lotus,2018 Lotus Scura Motorsports Exige WTAC,Extreme Track Toys,998 R,UK,"Collection Journal, Seasonal",forza.net/fh6cars
fh6,Lotus,2020 Lotus Evija,Hypercars,937 R,UK,"Autoshow, Wheelspin",forza.net/fh6cars
fh6,Lotus,2020 Lotus Evija Forza Edition,Drift Cars,900 S2,UK,Autoshow DLC,forza.net/fh6cars
fh6,Lotus,2023 Lotus Emira,Modern Sports Cars,656 A,UK,Seasonal,forza.net/fh6cars
fh6,Lucid,2024 Lucid Air Sapphire,Modern Super Saloons,820 S2,USA,"Autoshow, Wheelspin",forza.net/fh6cars
fh6,Maserati,1997 Maserati Ghibli Cup,Retro Sports Cars,591 B,Italy,"Autoshow, Collection Journal",forza.net/fh6cars
fh6,Maserati,2004 Maserati MC12,Retro Supercars,751 S1,Italy,Seasonal,forza.net/fh6cars
fh6,Maserati,2008 Maserati MC12 Versione Corsa,Extreme Track Toys,912 R,Italy,"Autoshow, Wheelspin",forza.net/fh6cars
fh6,Maserati,2022 Maserati MC20,Modern Supercars,753 S1,Italy,"Autoshow, Wheelspin",forza.net/fh6cars
fh6,Mazda,1972 Mazda Cosmo 110S Series II,Classic Sports Cars,394 D,Japan,Seasonal,forza.net/fh6cars
fh6,Mazda,1973 Mazda RX-3,Classic Sports Cars,328 D,Japan,"Autoshow, Wheelspin",forza.net/fh6cars
fh6,Mazda,1973 Mazda RX-3 Forza Edition,Classic Sports Cars,600 B,Japan,Seasonal,forza.net/fh6cars
fh6,Mazda,1974 Mazda #123 Mad Mike 808 Wagon 'FURSTY',Drift Cars,702 S1,Japan,Autoshow DLC,forza.net/fh6cars
fh6,Mazda,1985 Mazda RX-7 GSL-SE,Retro Sports Cars,357 D,Japan,Collection Journal,forza.net/fh6cars
fh6,Mazda,1990 Mazda Savanna RX-7,Retro Sports Cars,451 C,Japan,"Autoshow, Wheelspin",forza.net/fh6cars
fh6,Mazda,1991 Mazda #55 Mazda 787B,Retro Racers,988 R,Japan,Collection Journal,forza.net/fh6cars
fh6,Mazda,1992 Mazda RX-7 Type R,Retro Sports Cars,548 B,Japan,"Autoshow, Collection Journal",forza.net/fh6cars
fh6,Mazda,1994 Mazda MX-5 Miata,Retro Sports Cars,329 D,Japan,"Autoshow, Wheelspin",forza.net/fh6cars
fh6,Mazda,1994 Mazda MX-5 Miata Forza Edition,Retro Sports Cars,850 S2,Japan,Seasonal,forza.net/fh6cars
fh6,Mazda,2005 Mazda Mazdaspeed MX-5,Retro Sports Cars,469 C,Japan,"Autoshow, Wheelspin",forza.net/fh6cars
fh6,Mazda,2008 Mazda Furai,Extreme Track Toys,926 R,Japan,Seasonal,forza.net/fh6cars
fh6,Mazda,2010 Mazda Mazdaspeed 3,Hot Hatch,536 B,Japan,"Autoshow, Wheelspin",forza.net/fh6cars
fh6,Mazda,2011 Mazda RX-8 R3,Modern Sports Cars,508 B,Japan,"Autoshow, Wheelspin",forza.net/fh6cars
fh6,Mazda,2013 Mazda MX-5,Modern Sports Cars,432 C,Japan,"Autoshow, Wheelspin",forza.net/fh6cars
fh6,Mazda,2016 Mazda MX-5,Modern Sports Cars,499 C,Japan,Autoshow,forza.net/fh6cars
fh6,Mazda,2017 Mazda MX-5 Cup,Track Toys,586 B,Japan,"Autoshow, Collection Journal",forza.net/fh6cars
fh6,Mazda,2022 Mazda MX-5 Miata RF,Modern Sports Cars,509 B,Japan,"Autoshow, Wheelspin",forza.net/fh6cars
fh6,McLaren,1993 McLaren F1,Retro Supercars,713 S1,UK,"Autoshow, Wheelspin",forza.net/fh6cars
fh6,McLaren,1997 McLaren F1 GT,Retro Supercars,769 S1,UK,"Autoshow, Wheelspin",forza.net/fh6cars
fh6,McLaren,2011 McLaren 12C Coupé,Modern Supercars,727 S1,UK,"Autoshow, Wheelspin",forza.net/fh6cars
fh6,McLaren,2013 McLaren P1,Hypercars,848 S2,UK,"Autoshow, Wheelspin",forza.net/fh6cars
fh6,McLaren,2014 McLaren 650S Spider,Modern Supercars,765 S1,UK,"Autoshow, Wheelspin",forza.net/fh6cars
fh6,McLaren,2015 McLaren 570S Coupé,Modern Supercars,721 S1,UK,"Autoshow, Wheelspin",forza.net/fh6cars
fh6,McLaren,2018 McLaren 600LT Coupé,Track Toys,780 S1,UK,Autoshow,forza.net/fh6cars
fh6,McLaren,2019 McLaren Speedtail,Hypercars,835 S2,UK,"Autoshow, Wheelspin",forza.net/fh6cars
fh6,McLaren,2021 McLaren 620R,Track Toys,773 S1,UK,"Wheelspin, Seasonal",forza.net/fh6cars
fh6,McLaren,2021 McLaren 765LT Coupé,Track Toys,829 S2,UK,"Autoshow, Wheelspin",forza.net/fh6cars
fh6,McLaren,2021 McLaren Sabre,Hypercars,787 S1,UK,Seasonal,forza.net/fh6cars
fh6,McLaren,2023 McLaren Artura,Modern Supercars,766 S1,UK,"Autoshow, Wheelspin",forza.net/fh6cars
fh6,Mercedes-AMG,2015 Mercedes-AMG GT S,Super GT,691 A,Germany,"Autoshow, Wheelspin",forza.net/fh6cars
fh6,Mercedes-AMG,2016 Mercedes-AMG C 63 S Coupé,Modern Super Saloons,645 A,Germany,"Autoshow, Wheelspin",forza.net/fh6cars
fh6,Mercedes-AMG,2017 Mercedes-AMG GT R,Super GT,764 S1,Germany,Seasonal,forza.net/fh6cars
fh6,Mercedes-AMG,2018 Mercedes-AMG E 63 S,Modern Super Saloons,674 A,Germany,"Autoshow, Wheelspin",forza.net/fh6cars
fh6,Mercedes-AMG,2018 Mercedes-AMG GT 4-Door Coupé,Modern Super Saloons,664 A,Germany,"Wheelspin, Seasonal",forza.net/fh6cars
fh6,Mercedes-AMG,2020 Mercedes-AMG GT Black Series,Track Toys,782 S1,Germany,"Autoshow, Wheelspin",forza.net/fh6cars
fh6,Mercedes-AMG,2020 Mercedes-AMG GT Black Series Welcome Pack,Track Toys,900 S2,Germany,Autoshow DLC,forza.net/fh6cars
fh6,Mercedes-AMG,2020 Mercedes-AMG SLC 43 Final Edition,Modern Sports Cars,620 A,Germany,"Autoshow, Wheelspin",forza.net/fh6cars
fh6,Mercedes-AMG,2021 Mercedes-AMG Mercedes-AMG ONE,Hypercars,900 S2,Germany,"Autoshow, Wheelspin",forza.net/fh6cars
fh6,Mercedes-AMG,2021 Mercedes-AMG SL 63,GT Cars,690 A,Germany,"Autoshow, Wheelspin",forza.net/fh6cars
fh6,Mercedes-Benz,1954 Mercedes-Benz 300 SL Coupé,Rare Classics,388 D,Germany,"Autoshow, Wheelspin",forza.net/fh6cars
fh6,Mercedes-Benz,1955 Mercedes-Benz 300 SLR,Classic Racers,599 B,Germany,"Autoshow, Wheelspin",forza.net/fh6cars
fh6,Mercedes-Benz,1987 Mercedes-Benz AMG Hammer Coupe,Retro Super Saloons,565 B,Germany,"Autoshow, Wheelspin",forza.net/fh6cars
fh6,Mercedes-Benz,1990 Mercedes-Benz 190 E 2.5-16 Evolution II,Retro Super Saloons,460 C,Germany,Autoshow,forza.net/fh6cars
fh6,Mercedes-Benz,1990 Mercedes-Benz 190 E 2.5-16 Evolution II Forza Edition,Track Toys,700 A,Germany,"Wheelspin, Seasonal",forza.net/fh6cars
fh6,Mercedes-Benz,1998 Mercedes-Benz AMG CLK GTR,Retro Supercars,713 S1,Germany,"Wheelspin, Seasonal",forza.net/fh6cars
fh6,Mercedes-Benz,2009 Mercedes-Benz SL 65 AMG Black Series,Super GT,699 A,Germany,"Autoshow, Wheelspin",forza.net/fh6cars
fh6,Mercedes-Benz,2012 Mercedes-Benz C 63 AMG Coupé Black Series,Modern Super Saloons,654 A,Germany,Autoshow,forza.net/fh6cars
fh6,Mercedes-Benz,2013 Mercedes-Benz A 45 AMG,Super Hot Hatch,582 B,Germany,"Autoshow, Wheelspin",forza.net/fh6cars
fh6,Mercedes-Benz,2013 Mercedes-Benz G 65 AMG,Pickups & 4x4's,530 B,Germany,"Autoshow, Collection Journal",forza.net/fh6cars
fh6,Mercedes-Benz,2014 Mercedes-Benz G 63 AMG 6x6,Pickups & 4x4's,489 C,Germany,"Wheelspin, Seasonal",forza.net/fh6cars
fh6,Mercedes-Benz,2014 Mercedes-Benz Unimog U5023,Offroad,100 D,Germany,"Autoshow, Wheelspin",forza.net/fh6cars
fh6,Mercedes-Benz,2018 Mercedes-Benz X-Class,Pickups & 4x4's,258 D,Germany,"Autoshow, Wheelspin",forza.net/fh6cars
fh6,Meyers,1971 Meyers Manx,Buggies,201 D,USA,"Autoshow, Wheelspin",forza.net/fh6cars
fh6,Meyers,2023 Meyers Manx 2.0,Buggies,540 B,USA,"Autoshow, Wheelspin",forza.net/fh6cars
fh6,MG,1986 MG Metro 6R4,Rally Monsters,627 A,UK,"Autoshow, Collection Journal, Wheelspin",forza.net/fh6cars
fh6,MINI,1965 MINI Cooper S,Classic Rally,158 D,UK,"Autoshow, Wheelspin",forza.net/fh6cars
fh6,MINI,2012 MINI John Cooper Works GP,Hot Hatch,509 B,UK,"Autoshow, Wheelspin",forza.net/fh6cars
fh6,MINI,2013 MINI X-Raid All4 Racing Countryman,Offroad,523 B,UK,"Autoshow, Wheelspin",forza.net/fh6cars
fh6,MINI,2018 MINI X-raid John Cooper Works Buggy,Offroad,514 B,UK,"Collection Journal, Seasonal",forza.net/fh6cars
fh6,MINI,2021 MINI John Cooper Works GP,Super Hot Hatch,599 B,UK,Seasonal,forza.net/fh6cars
fh6,Mitsubishi,1990 Mitsubishi #269 Attacking the Clock Racing Minicab Time Attack,Track Toys,166 D,Japan,Autoshow DLC,forza.net/fh6cars
fh6,Mitsubishi,1992 Mitsubishi Galant VR-4,Retro Rally,431 C,Japan,"Autoshow, Wheelspin",forza.net/fh6cars
fh6,Mitsubishi,1995 Mitsubishi Eclipse GSX,Retro Sports Cars,436 C,Japan,"Autoshow, Wheelspin",forza.net/fh6cars
fh6,Mitsubishi,1995 Mitsubishi Lancer Evolution III GSR,Retro Rally,518 B,Japan,Collection Journal,forza.net/fh6cars
fh6,Mitsubishi,1995 Mitsubishi Montero Exceed 2800 TD,Pickups & 4x4's,190 D,Japan,"Autoshow, Wheelspin",forza.net/fh6cars
fh6,Mitsubishi,1997 Mitsubishi GTO,Retro Sports Cars,495 C,Japan,"Autoshow, Wheelspin",forza.net/fh6cars
fh6,Mitsubishi,1997 Mitsubishi Montero Evolution,Pickups & 4x4's,346 D,Japan,Collection Journal,forza.net/fh6cars
fh6,Mitsubishi,2001 Mitsubishi Lancer Evolution VI GSR TM Edition,Retro Rally,574 B,Japan,Autoshow,forza.net/fh6cars
fh6,Mitsubishi,2004 Mitsubishi Lancer Evolution VIII MR,Modern Rally,555 B,Japan,"Autoshow, Wheelspin",forza.net/fh6cars
fh6,Mitsubishi,2004 Mitsubishi Lancer Evolution VIII MR Welcome Pack,Modern Rally,700 A,Japan,Autoshow DLC,forza.net/fh6cars
fh6,Mitsubishi,2005 Mitsubishi #1 Sierra Sierra Enterprises Lancer Evolution Time Attack,Extreme Track Toys,962 R,Japan,Collection Journal,forza.net/fh6cars
fh6,Mitsubishi,2006 Mitsubishi Lancer Evolution IX MR,Modern Rally,521 B,Japan,Seasonal,forza.net/fh6cars
fh6,Mitsubishi,2008 Mitsubishi Lancer Evolution X GSR,Modern Rally,534 B,Japan,"Autoshow, Wheelspin",forza.net/fh6cars
fh6,Nissan,1969 Nissan Fairlady Z 432,Classic Sports Cars,369 D,Japan,"Autoshow, Wheelspin",forza.net/fh6cars
fh6,Nissan,1971 Nissan Skyline 2000GT-R,Classic Sports Cars,380 D,Japan,Collection Journal,forza.net/fh6cars
fh6,Nissan,1973 Nissan Skyline H/T 2000GT-R,Classic Sports Cars,407 C,Japan,"Autoshow, Wheelspin",forza.net/fh6cars
fh6,Nissan,1983 Nissan #11 Tomica Skyline Turbo Super Silhouette,Retro Racers,847 S2,Japan,Collection Journal,forza.net/fh6cars
fh6,Nissan,1985 Nissan Safari Turbo,Pickups & 4x4's,123 D,Japan,Collection Journal,forza.net/fh6cars
fh6,Nissan,1987 Nissan Be-1,Eclectic Domestics,175 D,Japan,Seasonal,forza.net/fh6cars
fh6,Nissan,1987 Nissan Skyline GTS-R,Retro Sports Cars,432 C,Japan,Autoshow,forza.net/fh6cars
fh6,Nissan,1989 Nissan PAO,Eclectic Domestics,145 D,Japan,Collection Journal,forza.net/fh6cars
fh6,Nissan,1989 Nissan S-Cargo,Eclectic Domestics,131 D,Japan,"Autoshow, Wheelspin",forza.net/fh6cars
fh6,Nissan,1989 Nissan S-Cargo Forza Edition,Track Toys,800 S1,Japan,"Wheelspin, Seasonal",forza.net/fh6cars
fh6,Nissan,1989 Nissan Silvia K's,Retro Sports Cars,455 C,Japan,Autoshow,forza.net/fh6cars
fh6,Nissan,1990 Nissan #12 Skyline GT-R (BNR32 Gr.A) JTC,Retro Racers,858 S2,Japan,Autoshow DLC,forza.net/fh6cars
fh6,Nissan,1990 Nissan Pulsar GTI-R,Retro Rally,486 C,Japan,"Autoshow, Wheelspin",forza.net/fh6cars
fh6,Nissan,1991 Nissan Figaro,Eclectic Domestics,234 D,Japan,Collection Journal,forza.net/fh6cars
fh6,Nissan,1992 Nissan Skyline GT-R,Retro Sports Cars,541 B,Japan,"Autoshow, Wheelspin",forza.net/fh6cars
fh6,Nissan,1993 Nissan #32 Skyline WTAC 'Xtreme GTR',Extreme Track Toys,923 R,Japan,Autoshow DLC,forza.net/fh6cars
fh6,Nissan,1993 Nissan 240SX,Retro Sports Cars,339 D,Japan,"Wheelspin, Seasonal",forza.net/fh6cars
fh6,Nissan,1994 Nissan Fairlady Z Version S Twin Turbo,Retro Sports Cars,497 C,Japan,Autoshow,forza.net/fh6cars
fh6,Nissan,1994 Nissan Silvia K's,Retro Sports Cars,499 C,Japan,"Autoshow, Wheelspin",forza.net/fh6cars
fh6,Nissan,1995 Nissan Gloria Gran Turismo,Retro Super Saloons,498 C,Japan,"Autoshow, Wheelspin",forza.net/fh6cars
fh6,Nissan,1995 Nissan NISMO GT-R LM,Retro Sports Cars,545 B,Japan,"Autoshow, Wheelspin",forza.net/fh6cars
fh6,Nissan,1997 Nissan Skyline GT-R V-Spec,Retro Sports Cars,555 B,Japan,Seasonal,forza.net/fh6cars
fh6,Nissan,1997 Nissan Stagea RS Four V,Retro Super Saloons,439 C,Japan,"Autoshow, Wheelspin",forza.net/fh6cars
fh6,Nissan,1998 Nissan #23 Pennzoil NISMO Skyline GT-R,Retro Racers,848 S2,Japan,Collection Journal,forza.net/fh6cars
fh6,Nissan,1998 Nissan R390 (GT1),Retro Supercars,774 S1,Japan,Collection Journal,forza.net/fh6cars
fh6,Nissan,1998 Nissan Silvia K's Aero,Retro Sports Cars,494 C,Japan,"Autoshow, Wheelspin",forza.net/fh6cars
fh6,Nissan,1998 Nissan Skyline GT-R 40th Anniversary,Retro Sports Cars,547 B,Japan,Autoshow DLC,forza.net/fh6cars
fh6,Nissan,2000 Nissan #36 Dream Project S15 Silvia WTAC,Extreme Track Toys,996 R,Japan,Autoshow DLC,forza.net/fh6cars
fh6,Nissan,2000 Nissan Skyline GT-R V Spec II,Retro Sports Cars,590 B,Japan,"Autoshow, Wheelspin",forza.net/fh6cars
fh6,Nissan,2002 Nissan Silvia Spec-R,Retro Sports Cars,551 B,Japan,"Autoshow, Wheelspin",forza.net/fh6cars
fh6,Nissan,2003 Nissan Fairlady Z,Retro Sports Cars,534 B,Japan,"Autoshow, Wheelspin",forza.net/fh6cars
fh6,Nissan,2010 Nissan 370Z,Modern Sports Cars,568 B,Japan,Seasonal,forza.net/fh6cars
fh6,Nissan,2012 Nissan GT-R Black Edition (R35),Modern Supercars,703 S1,Japan,"Autoshow, Wheelspin",forza.net/fh6cars
fh6,Nissan,2012 Nissan GT-R Black Edition (R35) Forza Edition,Extreme Track Toys,850 S2,Japan,"Wheelspin, Seasonal",forza.net/fh6cars
fh6,Nissan,2017 Nissan GT-R (R35),Modern Supercars,709 S1,Japan,"Autoshow, Wheelspin",forza.net/fh6cars
fh6,Nissan,2019 Nissan 370Z Nismo,Modern Sports Cars,603 A,Japan,"Autoshow, Wheelspin",forza.net/fh6cars
fh6,Nissan,2020 Nissan GT-R NISMO (R35),Track Toys,736 S1,Japan,"Autoshow, Wheelspin",forza.net/fh6cars
fh6,Nissan,2024 Nissan GT-R Nismo,Track Toys,741 S1,Japan,"Autoshow, Collection Journal",forza.net/fh6cars
fh6,Nissan,2024 Nissan Z NISMO,Modern Sports Cars,652 A,Japan,"Autoshow, Wheelspin",forza.net/fh6cars
fh6,Noble,2010 Noble M600,Modern Supercars,793 S1,UK,"Autoshow, Wheelspin",forza.net/fh6cars
fh6,Opel,1984 Opel Manta 400,Rally Monsters,576 B,Germany,"Autoshow, Collection Journal",forza.net/fh6cars
fh6,Pagani,2009 Pagani Zonda R,Extreme Track Toys,918 R,Italy,"Autoshow, Wheelspin",forza.net/fh6cars
fh6,Pagani,2010 Pagani Zonda Cinque Roadster,Hypercars,812 S2,Italy,Autoshow,forza.net/fh6cars
fh6,Pagani,2016 Pagani Huayra BC Coupe,Hypercars,851 S2,Italy,"Autoshow, Wheelspin",forza.net/fh6cars
fh6,Pagani,2021 Pagani Huayra R,Extreme Track Toys,954 R,Italy,Seasonal,forza.net/fh6cars
fh6,Peel,1962 Peel P50,Cult Cars,100 D,UK,"Autoshow, Wheelspin",forza.net/fh6cars
fh6,Peel,1962 Peel P50 Trolli Edition,Cult Cars,100 D,UK,Autoshow DLC,forza.net/fh6cars
fh6,Penhall,2011 Penhall The Cholla,Unlimited Buggies,541 B,USA,"Autoshow, Wheelspin",forza.net/fh6cars
fh6,Peugeot,1984 Peugeot 205 Turbo 16,Retro Rally,500 C,France,Collection Journal,forza.net/fh6cars
fh6,Peugeot,1991 Peugeot 205 Rallye,Retro Hot Hatch,350 D,France,"Autoshow, Wheelspin",forza.net/fh6cars
fh6,Peugeot,2007 Peugeot 207 Super 2000,Rally Monsters,632 A,France,Seasonal,forza.net/fh6cars
fh6,Plymouth,1958 Plymouth Fury,Rods and Customs,361 D,USA,"Autoshow, Wheelspin",forza.net/fh6cars
fh6,Plymouth,1968 Plymouth Barracuda Formula S,Classic Muscle,445 C,USA,"Autoshow, Wheelspin",forza.net/fh6cars
fh6,Plymouth,1971 Plymouth Cuda 426 HEMI,Classic Muscle,441 C,USA,"Autoshow, Wheelspin",forza.net/fh6cars
fh6,Polaris,2021 Polaris RZR Pro XP Factory Racing Limited Edition,UTV's,439 C,USA,"Autoshow, Wheelspin",forza.net/fh6cars
fh6,Polaris,2021 Polaris RZR Pro XP Ultimate,UTV's,496 C,USA,"Autoshow, Collection Journal",forza.net/fh6cars
fh6,Pontiac,1977 Pontiac Firebird Trans Am,Classic Muscle,312 D,USA,"Autoshow, Wheelspin",forza.net/fh6cars
fh6,Pontiac,1987 Pontiac Firebird Trans Am GTA,Retro Muscle,382 D,USA,"Autoshow, Wheelspin",forza.net/fh6cars
fh6,Porsche,1970 Porsche #3 917 LH,Classic Racers,777 S1,Germany,"Autoshow, Collection Journal",forza.net/fh6cars
fh6,Porsche,1970 Porsche #3 917 LH Forza Edition,Extreme Track Toys,998 R,Germany,"Wheelspin, Seasonal",forza.net/fh6cars
fh6,Porsche,1973 Porsche 911 Carrera RS,Rare Classics,490 C,Germany,"Autoshow, Wheelspin",forza.net/fh6cars
fh6,Porsche,1982 Porsche 911 Turbo 3.3,Retro Supercars,550 B,Germany,Collection Journal,forza.net/fh6cars
fh6,Porsche,1985 Porsche #185 959 Prodrive Rally Raid,Rally Monsters,623 A,Germany,"Autoshow, Wheelspin",forza.net/fh6cars
fh6,Porsche,1987 Porsche 959,Retro Supercars,661 A,Germany,Collection Journal,forza.net/fh6cars
fh6,Porsche,1989 Porsche 944 Turbo,Retro Sports Cars,539 B,Germany,"Autoshow, Wheelspin",forza.net/fh6cars
fh6,Porsche,1993 Porsche 911 Turbo S Leichtbau,Retro Sports Cars,652 A,Germany,Seasonal,forza.net/fh6cars
fh6,Porsche,1993 Porsche 928 GTS,Retro Sports Cars,563 B,Germany,"Autoshow, Wheelspin",forza.net/fh6cars
fh6,Porsche,1993 Porsche 968 Turbo S,Retro Sports Cars,594 B,Germany,"Autoshow, Wheelspin",forza.net/fh6cars
fh6,Porsche,1995 Porsche 911 GT2,Retro Supercars,644 A,Germany,"Wheelspin, Seasonal",forza.net/fh6cars
fh6,Porsche,1997 Porsche 911 GT1 Strassenversion,Retro Supercars,746 S1,Germany,"Autoshow, Wheelspin",forza.net/fh6cars
fh6,Porsche,2003 Porsche Carrera GT,Retro Supercars,758 S1,Germany,"Collection Journal, Seasonal",forza.net/fh6cars
fh6,Porsche,2004 Porsche 911 GT3,Retro Supercars,674 A,Germany,"Autoshow, Wheelspin",forza.net/fh6cars
fh6,Porsche,2005 Porsche Cayman GT3 WTAC,Extreme Track Toys,856 S2,Germany,"Autoshow, Wheelspin",forza.net/fh6cars
fh6,Porsche,2012 Porsche 911 GT3 RS 4.0,Track Toys,726 S1,Germany,"Autoshow, Collection Journal",forza.net/fh6cars
fh6,Porsche,2014 Porsche 918 Spyder,Hypercars,858 S2,Germany,"Autoshow, Collection Journal",forza.net/fh6cars
fh6,Porsche,2018 Porsche 718 Cayman GTS,Modern Sports Cars,675 A,Germany,"Autoshow, Wheelspin",forza.net/fh6cars
fh6,Porsche,2018 Porsche 911 GT2 RS,Track Toys,803 S2,Germany,"Autoshow, Wheelspin",forza.net/fh6cars
fh6,Porsche,2018 Porsche Cayenne Turbo,Sports Utility Heroes,638 A,Germany,"Autoshow, Wheelspin",forza.net/fh6cars
fh6,Porsche,2018 Porsche Macan LPR Rally Raid,Offroad,528 B,Germany,"Autoshow, Wheelspin",forza.net/fh6cars
fh6,Porsche,2019 Porsche #70 Porsche Motorsport 935,Extreme Track Toys,853 S2,Germany,"Autoshow, Wheelspin",forza.net/fh6cars
fh6,Porsche,2019 Porsche 911 Carrera S,Modern Sports Cars,714 S1,Germany,"Autoshow, Wheelspin",forza.net/fh6cars
fh6,Porsche,2019 Porsche 911 GT3 RS,Track Toys,760 S1,Germany,"Wheelspin, Seasonal",forza.net/fh6cars
fh6,Porsche,2020 Porsche Taycan Turbo S,Modern Super Saloons,725 S1,Germany,"Autoshow, Wheelspin",forza.net/fh6cars
fh6,Porsche,2021 Porsche 911 GT3,Track Toys,752 S1,Germany,"Autoshow, Wheelspin",forza.net/fh6cars
fh6,Porsche,2021 Porsche Mission R,Extreme Track Toys,865 S2,Germany,"Autoshow, Wheelspin",forza.net/fh6cars
fh6,Porsche,2022 Porsche 718 Cayman GT4 RS,Track Toys,737 S1,Germany,"Autoshow, Collection Journal",forza.net/fh6cars
fh6,Porsche,2023 Porsche 911 GT3 RS,Track Toys,758 S1,Germany,"Autoshow, Wheelspin",forza.net/fh6cars
fh6,Porsche,2023 Porsche 911 Rallye,Rally Monsters,700 A,Germany,Seasonal,forza.net/fh6cars
fh6,Porsche,2023 Porsche 911 Turbo S,Modern Supercars,774 S1,Germany,"Autoshow, Wheelspin",forza.net/fh6cars
fh6,Radical,2015 Radical RXC Turbo,Extreme Track Toys,842 S2,UK,"Autoshow, Wheelspin",forza.net/fh6cars
fh6,Ram,2024 Ram 1500 TRX,Pickups & 4x4's,514 B,USA,Autoshow,forza.net/fh6cars
fh6,Reliant,1972 Reliant Supervan III,Utility Heroes,100 D,UK,"Autoshow, Wheelspin",forza.net/fh6cars
fh6,Renault,1967 Renault 8 Gordini,Classic Rally,322 D,France,Seasonal,forza.net/fh6cars
fh6,Renault,1980 Renault 5 Turbo,Retro Rally,417 C,France,"Autoshow, Wheelspin",forza.net/fh6cars
fh6,Renault,1993 Renault Clio Williams,Retro Hot Hatch,400 D,France,"Autoshow, Wheelspin",forza.net/fh6cars
fh6,Renault,2008 Renault Mégane R26.R,Hot Hatch,561 B,France,"Autoshow, Wheelspin",forza.net/fh6cars
fh6,Renault,2010 Renault Megane RS 250,Super Hot Hatch,538 B,France,"Autoshow, Wheelspin",forza.net/fh6cars
fh6,Renault,2018 Renault Megane R.S.,Super Hot Hatch,547 B,France,"Autoshow, Wheelspin",forza.net/fh6cars
fh6,Rimac,2021 Rimac Nevera,Hypercars,913 R,Croatia,"Wheelspin, Seasonal",forza.net/fh6cars
fh6,Rivian,2022 Rivian R1T,Pickups & 4x4's,607 A,USA,"Autoshow, Wheelspin",forza.net/fh6cars
fh6,RJ Anderson,2016 RJ Anderson #37 Polaris RZR Pro 2 Truck,Unlimited Offroad,674 A,USA,"Autoshow, Collection Journal",forza.net/fh6cars
fh6,RJ Anderson,2021 RJ Anderson #37 Polaris RZR Pro 4 Truck,Unlimited Offroad,677 A,USA,"Wheelspin, Seasonal",forza.net/fh6cars
fh6,Saleen,2017 Saleen S7 LM,Extreme Track Toys,835 S2,USA,Seasonal,forza.net/fh6cars
fh6,Schuppan,1993 Schuppan 962CR,Retro Supercars,764 S1,UK,Seasonal,forza.net/fh6cars
fh6,Shelby,1965 Shelby Cobra 427 S/C,Rare Classics,582 B,USA,"Collection Journal, Seasonal",forza.net/fh6cars
fh6,Shelby,1965 Shelby Cobra Daytona Coupe,Classic Racers,515 B,USA,"Autoshow, Wheelspin",forza.net/fh6cars
fh6,SIERRA Cars,2020 SIERRA Cars #23 Yokohama ALPHA,Extreme Track Toys,926 R,USA,"Autoshow, Wheelspin",forza.net/fh6cars
fh6,SIERRA Cars,2021 SIERRA Cars 700R,UTV's,346 D,USA,"Autoshow, Wheelspin",forza.net/fh6cars
fh6,SIERRA Cars,2021 SIERRA Cars RX3,UTV's,635 A,USA,"Autoshow, Wheelspin",forza.net/fh6cars
fh6,SRT,2013 SRT Viper GTS,Modern Muscle,707 S1,USA,"Autoshow, Wheelspin, Loyalty",forza.net/fh6cars
fh6,Subaru,1980 Subaru BRAT GL,Utility Heroes,159 D,Japan,"Autoshow, Wheelspin",forza.net/fh6cars
fh6,Subaru,1990 Subaru LEGACY RS,Retro Rally,406 C,Japan,"Autoshow, Wheelspin",forza.net/fh6cars
fh6,Subaru,1994 Subaru Vivio RX-R,Eclectic Domestics,281 D,Japan,"Autoshow, Wheelspin",forza.net/fh6cars
fh6,Subaru,1994 Subaru Vivio RX-R Forza Edition,Extreme Track Toys,900 S2,Japan,"Collection Journal, Seasonal",forza.net/fh6cars
fh6,Subaru,1996 Subaru SVX,Retro Sports Cars,466 C,Japan,"Autoshow, Wheelspin",forza.net/fh6cars
fh6,Subaru,1998 Subaru Impreza 22B-STi Version,Retro Rally,600 B,Japan,"Autoshow, Wheelspin",forza.net/fh6cars
fh6,Subaru,2004 Subaru IMPREZA WRX STI,Modern Rally,552 B,Japan,"Autoshow, Wheelspin",forza.net/fh6cars
fh6,Subaru,2005 Subaru IMPREZA WRX STI,Modern Rally,570 B,Japan,"Autoshow, Wheelspin",forza.net/fh6cars
fh6,Subaru,2005 Subaru LEGACY B4 2.0 GT,Retro Super Saloons,549 B,Japan,"Autoshow, Wheelspin",forza.net/fh6cars
fh6,Subaru,2008 Subaru IMPREZA WRX STI,Modern Rally,539 B,Japan,"Autoshow, Wheelspin",forza.net/fh6cars
fh6,Subaru,2011 Subaru WRX STI,Modern Rally,547 B,Japan,"Autoshow, Wheelspin",forza.net/fh6cars
fh6,Subaru,2013 Subaru BRZ,Modern Sports Cars,463 C,Japan,"Autoshow, Wheelspin",forza.net/fh6cars
fh6,Subaru,2015 Subaru WRX STI,Modern Rally,555 B,Japan,"Autoshow, Wheelspin",forza.net/fh6cars
fh6,Subaru,2018 Subaru WRX STI ARX Supercar,Rally Monsters,757 S1,Japan,Seasonal,forza.net/fh6cars
fh6,Subaru,2019 Subaru STI S209,Modern Rally,574 B,Japan,Seasonal,forza.net/fh6cars
fh6,Subaru,2022 Subaru BRZ,Modern Sports Cars,551 B,Japan,"Autoshow, Wheelspin",forza.net/fh6cars
fh6,Subaru,2022 Subaru BRZ Forza Edition,Unlimited Offroad,700 A,Japan,Seasonal,forza.net/fh6cars
fh6,Subaru,2022 Subaru WRX,Modern Rally,538 B,Japan,"Autoshow, Wheelspin",forza.net/fh6cars
fh6,Toyota,1965 Toyota Sports 800,Classic Sports Cars,141 D,Japan,"Collection Journal, Wheelspin, Seasonal",forza.net/fh6cars
fh6,Toyota,1965 Toyota Sports 800 Fanta Edition,Classic Sports Cars,141 D,Japan,Autoshow DLC,forza.net/fh6cars
fh6,Toyota,1969 Toyota 2000GT,Rare Classics,377 D,Japan,Collection Journal,forza.net/fh6cars
fh6,Toyota,1974 Toyota Corolla SR5,Classic Sports Cars,197 D,Japan,Seasonal,forza.net/fh6cars
fh6,Toyota,1979 Toyota FJ40,Pickups & 4x4's,157 D,Japan,"Autoshow, Wheelspin",forza.net/fh6cars
fh6,Toyota,1985 Toyota Sprinter Trueno GT Apex,Retro Sports Cars,376 D,Japan,"Autoshow, Wheelspin",forza.net/fh6cars
fh6,Toyota,1985 Toyota Sprinter Trueno GT Apex Forza Edition,Track Toys,600 B,Japan,"Collection Journal, Seasonal",forza.net/fh6cars
fh6,Toyota,1989 Toyota MR2 SC,Retro Sports Cars,397 D,Japan,Seasonal,forza.net/fh6cars
fh6,Toyota,1991 Toyota Chaser GT Twin Turbo,Retro Super Saloons,484 C,Japan,"Autoshow, Wheelspin",forza.net/fh6cars
fh6,Toyota,1991 Toyota Sera,Eclectic Domestics,344 D,Japan,"Autoshow, Wheelspin",forza.net/fh6cars
fh6,Toyota,1992 Toyota Celica GT-Four RC ST185,Retro Rally,438 C,Japan,Autoshow,forza.net/fh6cars
fh6,Toyota,1992 Toyota Supra 2.0 GT,Retro Sports Cars,453 C,Japan,"Autoshow, Wheelspin",forza.net/fh6cars
fh6,Toyota,1993 Toyota #1 T100 Baja Truck,Unlimited Offroad,584 B,Japan,"Autoshow, Wheelspin",forza.net/fh6cars
fh6,Toyota,1994 Toyota Celica GT-Four ST205,Retro Rally,479 C,Japan,"Autoshow, Wheelspin",forza.net/fh6cars
fh6,Toyota,1995 Toyota J&J Motorsport Supra WTAC,Extreme Track Toys,828 S2,Japan,Autoshow DLC,forza.net/fh6cars
fh6,Toyota,1995 Toyota MR2 GT,Retro Sports Cars,522 B,Japan,"Autoshow, Wheelspin",forza.net/fh6cars
fh6,Toyota,1996 Toyota Starlet Glanza V,Retro Hot Hatch,435 C,Japan,Seasonal,forza.net/fh6cars
fh6,Toyota,1997 Toyota Chaser 2.5 Tourer V,Retro Super Saloons,504 B,Japan,"Autoshow, Collection Journal",forza.net/fh6cars
fh6,Toyota,1997 Toyota Soarer 2.5 GT-T,Retro Sports Cars,491 C,Japan,"Autoshow, Collection Journal, Wheelspin",forza.net/fh6cars
fh6,Toyota,1998 Toyota Supra RZ,Retro Sports Cars,529 B,Japan,"Autoshow, Collection Journal, Wheelspin",forza.net/fh6cars
fh6,Toyota,1999 Toyota Altezza RS200 Z EDITION,Retro Super Saloons,461 C,Japan,Seasonal,forza.net/fh6cars
fh6,Toyota,2003 Toyota Celica Sport Specialty II,Retro Sports Cars,433 C,Japan,"Autoshow, Wheelspin",forza.net/fh6cars
fh6,Toyota,2005 Toyota Crown Super Deluxe Taxi,Retro Super Saloons,181 D,Japan,"Autoshow, Wheelspin",forza.net/fh6cars
fh6,Toyota,2013 Toyota 86,Modern Sports Cars,460 C,Japan,"Autoshow, Wheelspin",forza.net/fh6cars
fh6,Toyota,2013 Toyota 86 Stories,Track Toys,685 A,Japan,"Collection Journal, Seasonal",forza.net/fh6cars
fh6,Toyota,2016 Toyota Land Cruiser Arctic Trucks AT37,Pickups & 4x4's,332 D,Japan,Seasonal,forza.net/fh6cars
fh6,Toyota,2017 Toyota JPN Taxi,Eclectic Domestics,248 D,Japan,"Autoshow, Wheelspin",forza.net/fh6cars
fh6,Toyota,2019 Toyota 4Runner TRD Pro,Pickups & 4x4's,421 C,Japan,"Autoshow, Wheelspin",forza.net/fh6cars
fh6,Toyota,2019 Toyota Tacoma TRD Pro,Pickups & 4x4's,409 C,Japan,"Autoshow, Wheelspin",forza.net/fh6cars
fh6,Toyota,2019 Toyota Tacoma TRD Pro Forza Edition,Extreme Track Toys,998 R,Japan,Autoshow DLC,forza.net/fh6cars
fh6,Toyota,2020 Toyota GR Supra,Modern Sports Cars,616 A,Japan,"Autoshow, Collection Journal, Wheelspin",forza.net/fh6cars
fh6,Toyota,2021 Toyota GR Yaris,Modern Rally,558 B,Japan,"Autoshow, Wheelspin",forza.net/fh6cars
fh6,Toyota,2022 Toyota GR86,Modern Sports Cars,556 B,Japan,"Autoshow, Wheelspin",forza.net/fh6cars
fh6,Toyota,2023 Toyota Camry TRD,Modern Super Saloons,525 B,Japan,Autoshow,forza.net/fh6cars
fh6,Toyota,2023 Toyota GR Corolla,Super Hot Hatch,596 B,Japan,Autoshow DLC,forza.net/fh6cars
fh6,Toyota,2025 Toyota Land Cruiser,Sports Utility Heroes,456 C,Japan,"Autoshow, Wheelspin",forza.net/fh6cars
fh6,TVR,1998 TVR Cerbera Speed 12,Retro Supercars,770 S1,UK,Seasonal,forza.net/fh6cars
fh6,TVR,2005 TVR Sagaris,Retro Sports Cars,672 A,UK,"Autoshow, Wheelspin",forza.net/fh6cars
fh6,TVR,2018 TVR Griffith,Modern Sports Cars,729 S1,UK,Autoshow,forza.net/fh6cars
fh6,Ultima,2015 Ultima Evolution Coupe 1020,Extreme Track Toys,925 R,UK,"Autoshow, Wheelspin",forza.net/fh6cars
fh6,Volkswagen,1963 Volkswagen Beetle,Cult Cars,100 D,Germany,"Autoshow, Wheelspin",forza.net/fh6cars
fh6,Volkswagen,1963 Volkswagen Type 2 De Luxe,Cult Cars,100 D,Germany,"Autoshow, Collection Journal",forza.net/fh6cars
fh6,Volkswagen,1969 Volkswagen Class 5/1600 Baja Bug,Buggies,260 D,Germany,"Autoshow, Wheelspin",forza.net/fh6cars
fh6,Volkswagen,1982 Volkswagen Pickup LX,Utility Heroes,100 D,Germany,"Autoshow, Wheelspin",forza.net/fh6cars
fh6,Volkswagen,1983 Volkswagen Golf GTI,Retro Hot Hatch,314 D,Germany,"Autoshow, Wheelspin",forza.net/fh6cars
fh6,Volkswagen,1989 Volkswagen Rallye Golf,Retro Rally,440 C,Germany,Seasonal,forza.net/fh6cars
fh6,Volkswagen,1992 Volkswagen Golf Gti 16v Mk2,Retro Hot Hatch,308 D,Germany,"Autoshow, Wheelspin",forza.net/fh6cars
fh6,Volkswagen,1995 Volkswagen Corrado VR6,Retro Hot Hatch,426 C,Germany,"Autoshow, Wheelspin",forza.net/fh6cars
fh6,Volkswagen,2010 Volkswagen Golf R,Super Hot Hatch,526 B,Germany,"Autoshow, Wheelspin",forza.net/fh6cars
fh6,Volkswagen,2011 Volkswagen Scirocco R,Hot Hatch,548 B,Germany,"Autoshow, Wheelspin",forza.net/fh6cars
fh6,Volkswagen,2014 Volkswagen Golf R,Super Hot Hatch,536 B,Germany,"Autoshow, Wheelspin",forza.net/fh6cars
fh6,Volkswagen,2017 Volkswagen #34 Andretti Rally Cross Beetle,Rally Monsters,764 S1,Germany,"Autoshow, Wheelspin",forza.net/fh6cars
fh6,Volkswagen,2021 Volkswagen Golf R,Super Hot Hatch,546 B,Germany,"Autoshow, Wheelspin",forza.net/fh6cars
fh6,Volkswagen,2022 Volkswagen Golf R,Super Hot Hatch,548 B,Germany,"Autoshow, Wheelspin",forza.net/fh6cars
fh6,Volvo,1983 Volvo 242 Turbo Evolution,Classic Rally,435 C,Sweden,"Autoshow, Wheelspin",forza.net/fh6cars
fh6,Wuling,2013 Wuling Sunshine S,Utility Heroes,107 D,China,"Autoshow, Wheelspin",forza.net/fh6cars
fh6,Wuling,2013 Wuling Sunshine S Forza Edition,Track Toys,800 S1,China,"Wheelspin, Seasonal",forza.net/fh6cars
fh6,Wuling,2022 Wuling Hongguang Mini EV,Hot Hatch,100 D,China,"Autoshow, Wheelspin",forza.net/fh6cars
fh6,Zenvo,2019 Zenvo TSR-S,Hypercars,906 R,Denmark,"Autoshow, Wheelspin",forza.net/fh6cars
